occurrence_id,path,line,occurrence_kind,formal_type,title_or_excerpt,disposition,canonical_claim_id,current_or_historical,notes
OCC-040,01_CANONICAL/reverse_hessian/core/paper/a_uniform_line_formula_and_hessian_orbit_incomparability.tex,70,tex_environment,theorem,Equal-size Hessian-orbit incomparability,canonical_claim_occurrence,CORE-THM-001,current,Generated by deterministic scanner; disposition can be reviewed without changing the immutable source.
OCC-041,01_CANONICAL/reverse_hessian/core/paper/a_uniform_line_formula_and_hessian_orbit_incomparability.tex,84,tex_environment,lemma,Hessian covariance,canonical_claim_occurrence,CORE-THM-001,current,Generated by deterministic scanner; disposition can be reviewed without changing the immutable source.
OCC-042,01_CANONICAL/reverse_hessian/core/paper/a_uniform_line_formula_and_hessian_orbit_incomparability.tex,98,tex_environment,lemma,Twisted and ordinary nonzero orbits,canonical_claim_occurrence,CORE-THM-001,current,Generated by deterministic scanner; disposition can be reviewed without changing the immutable source.
OCC-043,01_CANONICAL/reverse_hessian/core/paper/a_uniform_line_formula_and_hessian_orbit_incomparability.tex,116,tex_environment,proposition,Relative-covariant transfer principle,canonical_claim_occurrence,CORE-THM-001,current,Generated by deterministic scanner; disposition can be reviewed without changing the immutable source.
OCC-044,01_CANONICAL/reverse_hessian/core/paper/a_uniform_line_formula_and_hessian_orbit_incomparability.tex,130,tex_environment,theorem,Hessian determinant of the determinant,canonical_claim_occurrence,CORE-THM-001,current,Generated by deterministic scanner; disposition can be reviewed without changing the immutable source.
OCC-045,01_CANONICAL/reverse_hessian/core/paper/a_uniform_line_formula_and_hessian_orbit_incomparability.tex,167,tex_environment,theorem,Uniform permanent line formula,canonical_claim_occurrence,CORE-THM-001,current,Generated by deterministic scanner; disposition can be reviewed without changing the immutable source.
OCC-046,01_CANONICAL/reverse_hessian/core/paper/a_uniform_line_formula_and_hessian_orbit_incomparability.tex,208,tex_environment,corollary,Nonpower property,canonical_claim_occurrence,CORE-THM-001,current,Generated by deterministic scanner; disposition can be reviewed without changing the immutable source.
OCC-047,01_CANONICAL/reverse_hessian/core/paper/a_uniform_line_formula_and_hessian_orbit_incomparability.tex,218,tex_environment,lemma,Closed power cone,canonical_claim_occurrence,CORE-THM-001,current,Generated by deterministic scanner; disposition can be reviewed without changing the immutable source.
OCC-048,01_CANONICAL/reverse_hessian/core/paper/a_uniform_line_formula_and_hessian_orbit_incomparability.tex,232,tex_environment,proposition,Polystability,canonical_claim_occurrence,CORE-THM-001,current,Generated by deterministic scanner; disposition can be reviewed without changing the immutable source.
OCC-049,01_CANONICAL/reverse_hessian/core/paper/a_uniform_line_formula_and_hessian_orbit_incomparability.tex,247,tex_environment,lemma,Polystable degeneration,canonical_claim_occurrence,CORE-THM-001,current,Generated by deterministic scanner; disposition can be reviewed without changing the immutable source.
OCC-050,01_CANONICAL/reverse_hessian/core/paper/a_uniform_line_formula_and_hessian_orbit_incomparability.tex,286,tex_environment,corollary,Equal-size determinant/permanent incomparability,canonical_claim_occurrence,CORE-THM-001,current,Generated by deterministic scanner; disposition can be reviewed without changing the immutable source.
OCC-051,01_CANONICAL/reverse_hessian/core/paper/a_uniform_line_formula_and_hessian_orbit_incomparability.tex,298,tex_environment,remark,No novelty claim for \cref{cor:original},canonical_claim_occurrence,CORE-THM-001,current,Generated by deterministic scanner; disposition can be reviewed without changing the immutable source.
OCC-052,01_CANONICAL/reverse_hessian/core/paper/a_uniform_line_formula_and_hessian_orbit_incomparability.tex,309,tex_environment,proposition,Ambient Hessian padding barrier,canonical_claim_occurrence,CORE-LIMIT-001,current,Generated by deterministic scanner; disposition can be reviewed without changing the immutable source.
OCC-053,01_CANONICAL/reverse_hessian/extensions/vp_vnp/paper/reverse_hessian_VP_VNP_upgrade.tex,215,tex_environment,lemma,Hessian covariance,non_claim,,current,Generated by deterministic scanner; disposition can be reviewed without changing the immutable source.
OCC-054,01_CANONICAL/reverse_hessian/extensions/vp_vnp/paper/reverse_hessian_VP_VNP_upgrade.tex,230,tex_environment,theorem,,non_claim,,current,Generated by deterministic scanner; disposition can be reviewed without changing the immutable source.
OCC-055,01_CANONICAL/reverse_hessian/extensions/vp_vnp/paper/reverse_hessian_VP_VNP_upgrade.tex,272,tex_environment,theorem,Exact line restriction,non_claim,,current,Generated by deterministic scanner; disposition can be reviewed without changing the immutable source.
OCC-056,01_CANONICAL/reverse_hessian/extensions/vp_vnp/paper/reverse_hessian_VP_VNP_upgrade.tex,306,tex_environment,corollary,,non_claim,,current,Generated by deterministic scanner; disposition can be reviewed without changing the immutable source.
OCC-057,01_CANONICAL/reverse_hessian/extensions/vp_vnp/paper/reverse_hessian_VP_VNP_upgrade.tex,322,tex_environment,proposition,,non_claim,,current,Generated by deterministic scanner; disposition can be reviewed without changing the immutable source.
OCC-058,01_CANONICAL/reverse_hessian/extensions/vp_vnp/paper/reverse_hessian_VP_VNP_upgrade.tex,342,tex_environment,lemma,Homogeneous GL closure lemma,non_claim,,current,Generated by deterministic scanner; disposition can be reviewed without changing the immutable source.
OCC-059,01_CANONICAL/reverse_hessian/extensions/vp_vnp/paper/reverse_hessian_VP_VNP_upgrade.tex,358,tex_environment,theorem,Uniform reverse-Hessian separation,non_claim,,current,Generated by deterministic scanner; disposition can be reviewed without changing the immutable source.
OCC-060,01_CANONICAL/reverse_hessian/extensions/vp_vnp/paper/reverse_hessian_VP_VNP_upgrade.tex,371,tex_environment,warning,Direction mismatch,non_claim,,current,Generated by deterministic scanner; disposition can be reviewed without changing the immutable source.
OCC-061,01_CANONICAL/reverse_hessian/extensions/vp_vnp/paper/reverse_hessian_VP_VNP_upgrade.tex,417,tex_environment,lemma,Derivative gcd criterion,non_claim,,current,Generated by deterministic scanner; disposition can be reviewed without changing the immutable source.
OCC-062,01_CANONICAL/reverse_hessian/extensions/vp_vnp/paper/reverse_hessian_VP_VNP_upgrade.tex,455,tex_environment,lemma,Catalecticant duality,non_claim,,current,Generated by deterministic scanner; disposition can be reviewed without changing the immutable source.
OCC-063,01_CANONICAL/reverse_hessian/extensions/vp_vnp/paper/reverse_hessian_VP_VNP_upgrade.tex,471,tex_environment,theorem,Complete ordinary-catalecticant no-go,non_claim,,current,Generated by deterministic scanner; disposition can be reviewed without changing the immutable source.
OCC-064,01_CANONICAL/reverse_hessian/extensions/vp_vnp/paper/reverse_hessian_VP_VNP_upgrade.tex,527,tex_environment,theorem,One-padding-variable Hessian factorisation,non_claim,,current,Generated by deterministic scanner; disposition can be reviewed without changing the immutable source.
OCC-065,01_CANONICAL/reverse_hessian/extensions/vp_vnp/paper/reverse_hessian_VP_VNP_upgrade.tex,583,tex_environment,lemma,Unused-variable collapse,non_claim,,current,Generated by deterministic scanner; disposition can be reviewed without changing the immutable source.
OCC-066,01_CANONICAL/reverse_hessian/extensions/vp_vnp/paper/reverse_hessian_VP_VNP_upgrade.tex,591,tex_environment,theorem,Padding-collapse barrier,non_claim,,current,Generated by deterministic scanner; disposition can be reviewed without changing the immutable source.
OCC-067,01_CANONICAL/reverse_hessian/extensions/vp_vnp/paper/reverse_hessian_VP_VNP_upgrade.tex,652,tex_environment,conjecture,Canonical active-space extraction,non_claim,,current,Generated by deterministic scanner; disposition can be reviewed without changing the immutable source.
OCC-068,01_CANONICAL/reverse_hessian/extensions/vp_vnp/paper/reverse_hessian_VP_VNP_upgrade.tex,661,tex_environment,conjecture,Marked transverse-Hessian multiplicity gap,non_claim,,current,Generated by deterministic scanner; disposition can be reviewed without changing the immutable source.
OCC-069,01_CANONICAL/reverse_hessian/extensions/vp_vnp/paper/reverse_hessian_VP_VNP_upgrade.tex,121,status_macro,status,PROVED,status_marker_nonclaim,,current,Generated by deterministic scanner; disposition can be reviewed without changing the immutable source.
OCC-070,01_CANONICAL/reverse_hessian/extensions/vp_vnp/paper/reverse_hessian_VP_VNP_upgrade.tex,122,status_macro,status,CERTIFIED-COMP,status_marker_nonclaim,,current,Generated by deterministic scanner; disposition can be reviewed without changing the immutable source.
OCC-071,01_CANONICAL/reverse_hessian/extensions/vp_vnp/paper/reverse_hessian_VP_VNP_upgrade.tex,123,status_macro,status,LITERATURE,status_marker_nonclaim,,current,Generated by deterministic scanner; disposition can be reviewed without changing the immutable source.
OCC-072,01_CANONICAL/reverse_hessian/extensions/vp_vnp/paper/reverse_hessian_VP_VNP_upgrade.tex,124,status_macro,status,CONJECTURAL,status_marker_nonclaim,,current,Generated by deterministic scanner; disposition can be reviewed without changing the immutable source.
OCC-073,01_CANONICAL/reverse_hessian/extensions/vp_vnp/paper/reverse_hessian_VP_VNP_upgrade.tex,124,status_macro,status,FAILED,status_marker_nonclaim,,current,Generated by deterministic scanner; disposition can be reviewed without changing the immutable source.
OCC-074,01_CANONICAL/reverse_hessian/extensions/vp_vnp/paper/reverse_hessian_VP_VNP_upgrade.tex,124,status_macro,status,UNKNOWN,status_marker_nonclaim,,current,Generated by deterministic scanner; disposition can be reviewed without changing the immutable source.
OCC-075,01_CANONICAL/reverse_hessian/extensions/vp_vnp/paper/reverse_hessian_VP_VNP_upgrade.tex,509,status_macro,status,CERTIFIED-COMP,status_marker_nonclaim,,current,Generated by deterministic scanner; disposition can be reviewed without changing the immutable source.
OCC-076,01_CANONICAL/reverse_hessian/extensions/vp_vnp/paper/reverse_hessian_VP_VNP_upgrade.tex,751,status_macro,status,UNKNOWN,status_marker_nonclaim,,current,Generated by deterministic scanner; disposition can be reviewed without changing the immutable source.
OCC-077,01_CANONICAL/asymptotic_quotient_fitting/report/theoreme_asymptotique.md,3,markdown_h2,section,1. Cadre,canonical_claim_occurrence,ASYM-003,current,Generated by deterministic scanner; disposition can be reviewed without changing the immutable source.
OCC-078,01_CANONICAL/asymptotic_quotient_fitting/report/theoreme_asymptotique.md,37,markdown_h2,section,2. Théorème principal,canonical_claim_occurrence,ASYM-003,current,Generated by deterministic scanner; disposition can be reviewed without changing the immutable source.
OCC-079,01_CANONICAL/asymptotic_quotient_fitting/report/theoreme_asymptotique.md,81,markdown_h2,section,3. Côté déterminant,canonical_claim_occurrence,ASYM-003,current,Generated by deterministic scanner; disposition can be reviewed without changing the immutable source.
OCC-080,01_CANONICAL/asymptotic_quotient_fitting/report/theoreme_asymptotique.md,135,markdown_h2,section,4. Témoin permanent uniforme,canonical_claim_occurrence,ASYM-003,current,Generated by deterministic scanner; disposition can be reviewed without changing the immutable source.
OCC-081,01_CANONICAL/asymptotic_quotient_fitting/report/theoreme_asymptotique.md,224,markdown_h2,section,5. Fermeture et rang augmenté,canonical_claim_occurrence,ASYM-003,current,Generated by deterministic scanner; disposition can be reviewed without changing the immutable source.
OCC-082,01_CANONICAL/asymptotic_quotient_fitting/report/theoreme_asymptotique.md,278,markdown_h2,section,6. Frontière exacte de cette méthode,canonical_claim_occurrence,ASYM-006,current,Generated by deterministic scanner; disposition can be reviewed without changing the immutable source.
OCC-083,01_CANONICAL/asymptotic_quotient_fitting/report/theoreme_asymptotique.md,329,markdown_h2,section,7. Statut bibliographique,canonical_claim_occurrence,ASYM-003,current,Generated by deterministic scanner; disposition can be reviewed without changing the immutable source.
OCC-084,01_CANONICAL/compound_hessian_schur_fitting/CLAIMS.md,3,markdown_h2,section,Établi théoriquement,canonical_claim_occurrence,COMP-005,current,Generated by deterministic scanner; disposition can be reviewed without changing the immutable source.
OCC-085,01_CANONICAL/compound_hessian_schur_fitting/CLAIMS.md,9,markdown_h2,section,Certifié par calcul exact,canonical_claim_occurrence,COMP-005,current,Generated by deterministic scanner; disposition can be reviewed without changing the immutable source.
OCC-086,01_CANONICAL/compound_hessian_schur_fitting/CLAIMS.md,16,markdown_h2,section,Certifié comme borne inférieure,canonical_claim_occurrence,COMP-005,current,Generated by deterministic scanner; disposition can be reviewed without changing the immutable source.
OCC-087,01_CANONICAL/compound_hessian_schur_fitting/CLAIMS.md,20,markdown_h2,section,Non revendiqué,canonical_claim_occurrence,COMP-005,current,Generated by deterministic scanner; disposition can be reviewed without changing the immutable source.
OCC-088,01_CANONICAL/compound_hessian_schur_fitting/report/rapport_resultats.md,3,markdown_h2,section,Cas étudié,canonical_claim_occurrence,COMP-005,current,Generated by deterministic scanner; disposition can be reviewed without changing the immutable source.
OCC-089,01_CANONICAL/compound_hessian_schur_fitting/report/rapport_resultats.md,27,markdown_h2,section,Verdict,canonical_claim_occurrence,COMP-005,current,Generated by deterministic scanner; disposition can be reviewed without changing the immutable source.
OCC-090,01_CANONICAL/compound_hessian_schur_fitting/report/rapport_resultats.md,39,markdown_h2,section,1. Hessien composé d’ordre `r=2`,canonical_claim_occurrence,COMP-005,current,Generated by deterministic scanner; disposition can be reviewed without changing the immutable source.
OCC-091,01_CANONICAL/compound_hessian_schur_fitting/report/rapport_resultats.md,62,markdown_h2,section,2. Goulot d’étranglement de Schur,canonical_claim_occurrence,COMP-005,current,Generated by deterministic scanner; disposition can be reviewed without changing the immutable source.
OCC-092,01_CANONICAL/compound_hessian_schur_fitting/report/rapport_resultats.md,96,markdown_h2,section,3. Les quatre flattenings de Young à deux cases,canonical_claim_occurrence,COMP-005,current,Generated by deterministic scanner; disposition can be reviewed without changing the immutable source.
OCC-093,01_CANONICAL/compound_hessian_schur_fitting/report/rapport_resultats.md,132,markdown_h2,section,4. Pièces graduées de l’idéal de Fitting hessien,canonical_claim_occurrence,COMP-005,current,Generated by deterministic scanner; disposition can be reviewed without changing the immutable source.
OCC-094,01_CANONICAL/compound_hessian_schur_fitting/report/rapport_resultats.md,144,markdown_h2,section,5. Premier contrôle à `r=3`,canonical_claim_occurrence,COMP-006,current,Generated by deterministic scanner; disposition can be reviewed without changing the immutable source.
OCC-095,01_CANONICAL/compound_hessian_schur_fitting/report/rapport_resultats.md,168,markdown_h2,section,Ce qui a réellement été obtenu,canonical_claim_occurrence,COMP-005,current,Generated by deterministic scanner; disposition can be reviewed without changing the immutable source.
OCC-096,01_CANONICAL/compound_hessian_schur_fitting/report/rapport_resultats.md,177,markdown_h2,section,Ce qui n’est pas obtenu,canonical_claim_occurrence,COMP-005,current,Generated by deterministic scanner; disposition can be reviewed without changing the immutable source.
OCC-097,01_CANONICAL/compound_hessian_schur_fitting/report/rapport_resultats.md,184,markdown_h2,section,Prochaine cible rationnelle,canonical_claim_occurrence,COMP-005,current,Generated by deterministic scanner; disposition can be reviewed without changing the immutable source.
OCC-098,01_CANONICAL/compound_hessian_schur_fitting/report/rapport_resultats.md,193,markdown_h2,section,Références de contexte,canonical_claim_occurrence,COMP-005,current,Generated by deterministic scanner; disposition can be reviewed without changing the immutable source.
OCC-099,01_CANONICAL/jet_conormal_program/CLAIMS.md,3,markdown_h2,section,Démontré dans le rapport,canonical_claim_occurrence,JET-005,current,Generated by deterministic scanner; disposition can be reviewed without changing the immutable source.
OCC-100,01_CANONICAL/jet_conormal_program/CLAIMS.md,11,markdown_h2,section,Exploratoire,canonical_claim_occurrence,JET-005,current,Generated by deterministic scanner; disposition can be reviewed without changing the immutable source.
OCC-101,01_CANONICAL/jet_conormal_program/CLAIMS.md,17,markdown_h2,section,Non revendiqué,canonical_claim_occurrence,JET-005,current,Generated by deterministic scanner; disposition can be reviewed without changing the immutable source.
OCC-102,01_CANONICAL/jet_conormal_program/report/formalisme_jet_conormal.md,3,markdown_h2,section,1. Diagnostic,canonical_claim_occurrence,JET-005,current,Generated by deterministic scanner; disposition can be reviewed without changing the immutable source.
OCC-103,01_CANONICAL/jet_conormal_program/report/formalisme_jet_conormal.md,22,markdown_h2,section,2. Théorème de saturation du troisième jet du déterminant,canonical_claim_occurrence,JET-005,current,Generated by deterministic scanner; disposition can be reviewed without changing the immutable source.
OCC-104,01_CANONICAL/jet_conormal_program/report/formalisme_jet_conormal.md,73,markdown_h2,section,3. Contrôle exact du premier cas paddé,canonical_claim_occurrence,JET-005,current,Generated by deterministic scanner; disposition can be reviewed without changing the immutable source.
OCC-105,01_CANONICAL/jet_conormal_program/report/formalisme_jet_conormal.md,94,markdown_h2,section,4. Nouvel objet : la tour conormale jet–syzygétique,canonical_claim_occurrence,JET-005,current,Generated by deterministic scanner; disposition can be reviewed without changing the immutable source.
OCC-106,01_CANONICAL/jet_conormal_program/report/formalisme_jet_conormal.md,122,markdown_h2,section,5. Invariant de rang certifiable,canonical_claim_occurrence,JET-005,current,Generated by deterministic scanner; disposition can be reviewed without changing the immutable source.
OCC-107,01_CANONICAL/jet_conormal_program/report/formalisme_jet_conormal.md,146,markdown_h2,section,6. Rôle exact de la théorie des représentations,canonical_claim_occurrence,JET-005,current,Generated by deterministic scanner; disposition can be reviewed without changing the immutable source.
OCC-108,01_CANONICAL/jet_conormal_program/report/formalisme_jet_conormal.md,162,markdown_h2,section,7. Programme de calcul,canonical_claim_occurrence,JET-005,current,Generated by deterministic scanner; disposition can be reviewed without changing the immutable source.
OCC-109,01_CANONICAL/jet_conormal_program/report/formalisme_jet_conormal.md,179,markdown_h2,section,8. Statut,canonical_claim_occurrence,JET-005,current,Generated by deterministic scanner; disposition can be reviewed without changing the immutable source.
OCC-110,01_CANONICAL/padded_rank_reversal/CLAIMS.md,3,markdown_h2,section,Démontré dans ce paquet,canonical_claim_occurrence,RANK-003,current,Generated by deterministic scanner; disposition can be reviewed without changing the immutable source.
OCC-111,01_CANONICAL/padded_rank_reversal/CLAIMS.md,18,markdown_h2,section,Non revendiqué,canonical_claim_occurrence,RANK-003,current,Generated by deterministic scanner; disposition can be reviewed without changing the immutable source.
OCC-112,01_CANONICAL/padded_rank_reversal/report/rapport_preuve.md,3,markdown_h2,section,Résultat,canonical_claim_occurrence,RANK-003,current,Generated by deterministic scanner; disposition can be reviewed without changing the immutable source.
OCC-113,01_CANONICAL/padded_rank_reversal/report/rapport_preuve.md,29,markdown_h2,section,1. Le covariant quotient-Fitting,canonical_claim_occurrence,RANK-003,current,Generated by deterministic scanner; disposition can be reviewed without changing the immutable source.
OCC-114,01_CANONICAL/padded_rank_reversal/report/rapport_preuve.md,129,markdown_h2,section,2. Pourquoi la condition est fermée et équivariante,canonical_claim_occurrence,RANK-003,current,Generated by deterministic scanner; disposition can be reviewed without changing the immutable source.
OCC-115,01_CANONICAL/padded_rank_reversal/report/rapport_preuve.md,164,markdown_h2,section,3. Côté déterminant : rang hessien au plus huit sur \(\det_4=0\),canonical_claim_occurrence,RANK-003,current,Generated by deterministic scanner; disposition can be reviewed without changing the immutable source.
OCC-116,01_CANONICAL/padded_rank_reversal/report/rapport_preuve.md,237,markdown_h2,section,4. Côté permanent paddé : témoin entier de rang neuf,canonical_claim_occurrence,RANK-003,current,Generated by deterministic scanner; disposition can be reviewed without changing the immutable source.
OCC-117,01_CANONICAL/padded_rank_reversal/report/rapport_preuve.md,293,markdown_h2,section,5. Le rang inversé,canonical_claim_occurrence,RANK-003,current,Generated by deterministic scanner; disposition can be reviewed without changing the immutable source.
OCC-118,01_CANONICAL/padded_rank_reversal/report/rapport_preuve.md,323,markdown_h2,section,6. Ce que cela change dans le programme,canonical_claim_occurrence,RANK-003,current,Generated by deterministic scanner; disposition can be reviewed without changing the immutable source.
OCC-119,01_CANONICAL/padded_rank_reversal/report/rapport_preuve.md,345,markdown_h2,section,7. Reproduction,canonical_claim_occurrence,RANK-003,current,Generated by deterministic scanner; disposition can be reviewed without changing the immutable source.
OCC-178,01_CANONICAL/reverse_hessian/README.md,10,markdown_h2,section,Canonical mathematical content,non_claim,,current,Generated by deterministic scanner; disposition can be reviewed without changing the immutable source.
OCC-179,01_CANONICAL/reverse_hessian/README.md,29,markdown_h2,section,What is not proved,non_claim,,current,Generated by deterministic scanner; disposition can be reviewed without changing the immutable source.
OCC-180,01_CANONICAL/reverse_hessian/README.md,40,markdown_h2,section,Verification,non_claim,,current,Generated by deterministic scanner; disposition can be reviewed without changing the immutable source.
OCC-181,01_CANONICAL/reverse_hessian/README.md,64,markdown_h2,section,Layout,non_claim,,current,Generated by deterministic scanner; disposition can be reviewed without changing the immutable source.
OCC-182,01_CANONICAL/reverse_hessian/README.md,72,markdown_h2,section,Source archive identities,non_claim,,current,Generated by deterministic scanner; disposition can be reviewed without changing the immutable source.
OCC-183,01_CANONICAL/reverse_hessian/core/audit/AUDIT_RESPONSE.md,5,markdown_h2,section,Mathematical repairs inserted,canonical_claim_occurrence,CORE-THM-001,current,Generated by deterministic scanner; disposition can be reviewed without changing the immutable source.
OCC-184,01_CANONICAL/reverse_hessian/core/audit/AUDIT_RESPONSE.md,13,markdown_h2,section,Novelty correction,canonical_claim_occurrence,CORE-THM-001,current,Generated by deterministic scanner; disposition can be reviewed without changing the immutable source.
OCC-185,01_CANONICAL/reverse_hessian/core/audit/AUDIT_RESPONSE.md,19,markdown_h2,section,Reproducibility correction,canonical_claim_occurrence,CORE-THM-001,current,Generated by deterministic scanner; disposition can be reviewed without changing the immutable source.
OCC-186,01_CANONICAL/reverse_hessian/core/audit/AUDIT_RESPONSE.md,29,markdown_h2,section,Scope retained,canonical_claim_occurrence,CORE-LIMIT-001,current,Generated by deterministic scanner; disposition can be reviewed without changing the immutable source.
OCC-187,01_CANONICAL/reverse_hessian/core/audit/FINAL_VERDICT.md,3,markdown_h2,section,PROVED,canonical_claim_occurrence,CORE-THM-001,current,Generated by deterministic scanner; disposition can be reviewed without changing the immutable source.
OCC-188,01_CANONICAL/reverse_hessian/core/audit/FINAL_VERDICT.md,13,markdown_h2,section,LITERATURE,canonical_claim_occurrence,CORE-THM-001,current,Generated by deterministic scanner; disposition can be reviewed without changing the immutable source.
OCC-189,01_CANONICAL/reverse_hessian/core/audit/FINAL_VERDICT.md,17,markdown_h2,section,CERTIFIED-COMP,canonical_claim_occurrence,CORE-THM-001,current,Generated by deterministic scanner; disposition can be reviewed without changing the immutable source.
OCC-190,01_CANONICAL/reverse_hessian/core/audit/FINAL_VERDICT.md,21,markdown_h2,section,FAILED,canonical_claim_occurrence,CORE-THM-001,current,Generated by deterministic scanner; disposition can be reviewed without changing the immutable source.
OCC-191,01_CANONICAL/reverse_hessian/core/audit/FINAL_VERDICT.md,25,markdown_h2,section,UNKNOWN,canonical_claim_occurrence,CORE-THM-001,current,Generated by deterministic scanner; disposition can be reviewed without changing the immutable source.
OCC-192,01_CANONICAL/reverse_hessian/core/audit/INDEPENDENT_AUDIT_SUMMARY.md,5,markdown_h2,section,Reproduced mathematical outputs,canonical_claim_occurrence,CORE-THM-001,current,Generated by deterministic scanner; disposition can be reviewed without changing the immutable source.
OCC-193,01_CANONICAL/reverse_hessian/core/audit/INDEPENDENT_AUDIT_SUMMARY.md,29,markdown_h2,section,Required proof repairs,canonical_claim_occurrence,CORE-THM-001,current,Generated by deterministic scanner; disposition can be reviewed without changing the immutable source.
OCC-194,01_CANONICAL/reverse_hessian/core/audit/INDEPENDENT_AUDIT_SUMMARY.md,40,markdown_h2,section,Required novelty correction,canonical_claim_occurrence,CORE-THM-001,current,Generated by deterministic scanner; disposition can be reviewed without changing the immutable source.
OCC-195,01_CANONICAL/reverse_hessian/core/audit/INDEPENDENT_AUDIT_SUMMARY.md,44,markdown_h2,section,Required reproducibility correction,canonical_claim_occurrence,CORE-THM-001,current,Generated by deterministic scanner; disposition can be reviewed without changing the immutable source.
OCC-196,01_CANONICAL/reverse_hessian/extensions/vp_vnp/README.md,5,markdown_h2,section,Main mathematical status,non_claim,,current,Generated by deterministic scanner; disposition can be reviewed without changing the immutable source.
OCC-197,01_CANONICAL/reverse_hessian/extensions/vp_vnp/README.md,13,markdown_h2,section,Reproduce,non_claim,,current,Generated by deterministic scanner; disposition can be reviewed without changing the immutable source.
OCC-198,01_CANONICAL/reverse_hessian/extensions/vp_vnp/README.md,24,markdown_h2,section,Layout,non_claim,,current,Generated by deterministic scanner; disposition can be reviewed without changing the immutable source.
OCC-199,01_CANONICAL/reverse_hessian/extensions/vp_vnp/research_notes/EXECUTION_REPORT.md,5,markdown_h2,section,Archive integrity and safety,historical_or_exploratory,,historical_or_exploratory,Generated by deterministic scanner; disposition can be reviewed without changing the immutable source.
OCC-200,01_CANONICAL/reverse_hessian/extensions/vp_vnp/research_notes/EXECUTION_REPORT.md,13,markdown_h2,section,Reproduction,historical_or_exploratory,,historical_or_exploratory,Generated by deterministic scanner; disposition can be reviewed without changing the immutable source.
OCC-201,01_CANONICAL/reverse_hessian/extensions/vp_vnp/research_notes/EXECUTION_REPORT.md,33,markdown_h2,section,Mathematical verdict,historical_or_exploratory,,historical_or_exploratory,Generated by deterministic scanner; disposition can be reviewed without changing the immutable source.
OCC-202,01_CANONICAL/reverse_hessian/extensions/vp_vnp/research_notes/PUBLIC_REPO_PLAN.md,3,markdown_h2,section,Included,historical_or_exploratory,,historical_or_exploratory,Generated by deterministic scanner; disposition can be reviewed without changing the immutable source.
OCC-203,01_CANONICAL/reverse_hessian/extensions/vp_vnp/research_notes/PUBLIC_REPO_PLAN.md,7,markdown_h2,section,Publication rule,historical_or_exploratory,,historical_or_exploratory,Generated by deterministic scanner; disposition can be reviewed without changing the immutable source.
OCC-204,01_CANONICAL/reverse_hessian/extensions/vp_vnp/research_notes/PUBLIC_REPO_PLAN.md,19,markdown_h2,section,Recommended release tags,historical_or_exploratory,,historical_or_exploratory,Generated by deterministic scanner; disposition can be reviewed without changing the immutable source.
OCC-205,01_CANONICAL/reverse_hessian/extensions/vp_vnp/research_notes/anti_padding_covariants.md,3,markdown_h2,section,Problem exposed by the audit,historical_or_exploratory,,historical_or_exploratory,Generated by deterministic scanner; disposition can be reviewed without changing the immutable source.
OCC-206,01_CANONICAL/reverse_hessian/extensions/vp_vnp/research_notes/anti_padding_covariants.md,12,markdown_h2,section,Candidate constructions,historical_or_exploratory,,historical_or_exploratory,Generated by deterministic scanner; disposition can be reviewed without changing the immutable source.
OCC-207,01_CANONICAL/reverse_hessian/extensions/vp_vnp/research_notes/anti_padding_covariants.md,23,markdown_h2,section,Exact paired formula,historical_or_exploratory,,historical_or_exploratory,Generated by deterministic scanner; disposition can be reviewed without changing the immutable source.
OCC-208,01_CANONICAL/reverse_hessian/extensions/vp_vnp/research_notes/anti_padding_covariants.md,27,markdown_h2,section,Proposed restricted-model theorem target,historical_or_exploratory,,historical_or_exploratory,Generated by deterministic scanner; disposition can be reviewed without changing the immutable source.
OCC-209,01_CANONICAL/reverse_hessian/extensions/vp_vnp/research_notes/anti_padding_covariants.md,31,markdown_h2,section,Current verdict,historical_or_exploratory,,historical_or_exploratory,Generated by deterministic scanner; disposition can be reviewed without changing the immutable source.
OCC-210,01_CANONICAL/reverse_hessian/extensions/vp_vnp/research_notes/beyond_catalecticants_search.md,23,markdown_h2,section,Interpretation,historical_or_exploratory,,historical_or_exploratory,Generated by deterministic scanner; disposition can be reviewed without changing the immutable source.
OCC-211,01_CANONICAL/reverse_hessian/extensions/vp_vnp/research_notes/breakthrough_axis_A_hessian_to_lower_bounds.md,3,markdown_h2,section,Status summary,historical_or_exploratory,,historical_or_exploratory,Generated by deterministic scanner; disposition can be reviewed without changing the immutable source.
OCC-212,01_CANONICAL/reverse_hessian/extensions/vp_vnp/research_notes/breakthrough_axis_A_hessian_to_lower_bounds.md,13,markdown_h2,section,Lemma A.1 — covariance,historical_or_exploratory,,historical_or_exploratory,Generated by deterministic scanner; disposition can be reviewed without changing the immutable source.
OCC-213,01_CANONICAL/reverse_hessian/extensions/vp_vnp/research_notes/breakthrough_axis_A_hessian_to_lower_bounds.md,17,markdown_h2,section,Lemma A.2 — one padding variable,historical_or_exploratory,,historical_or_exploratory,Generated by deterministic scanner; disposition can be reviewed without changing the immutable source.
OCC-214,01_CANONICAL/reverse_hessian/extensions/vp_vnp/research_notes/breakthrough_axis_A_hessian_to_lower_bounds.md,25,markdown_h2,section,The decisive counterexample in the standard GCT ambient space,historical_or_exploratory,,historical_or_exploratory,Generated by deterministic scanner; disposition can be reviewed without changing the immutable source.
OCC-215,01_CANONICAL/reverse_hessian/extensions/vp_vnp/research_notes/breakthrough_axis_A_hessian_to_lower_bounds.md,31,markdown_h2,section,Small computations,historical_or_exploratory,,historical_or_exploratory,Generated by deterministic scanner; disposition can be reviewed without changing the immutable source.
OCC-216,01_CANONICAL/reverse_hessian/extensions/vp_vnp/research_notes/breakthrough_axis_A_hessian_to_lower_bounds.md,35,markdown_h2,section,Conclusion,historical_or_exploratory,,historical_or_exploratory,Generated by deterministic scanner; disposition can be reviewed without changing the immutable source.
OCC-217,01_CANONICAL/reverse_hessian/extensions/vp_vnp/research_notes/breakthrough_axis_A_hessian_to_lower_bounds.md,39,markdown_h2,section,Direction lemma,historical_or_exploratory,,historical_or_exploratory,Generated by deterministic scanner; disposition can be reviewed without changing the immutable source.
OCC-218,01_CANONICAL/reverse_hessian/extensions/vp_vnp/research_notes/final_verdict.md,3,markdown_h2,section,What survives,historical_or_exploratory,,historical_or_exploratory,Generated by deterministic scanner; disposition can be reviewed without changing the immutable source.
OCC-219,01_CANONICAL/reverse_hessian/extensions/vp_vnp/research_notes/final_verdict.md,11,markdown_h2,section,What does not survive,historical_or_exploratory,,historical_or_exploratory,Generated by deterministic scanner; disposition can be reviewed without changing the immutable source.
OCC-220,01_CANONICAL/reverse_hessian/extensions/vp_vnp/research_notes/final_verdict.md,19,markdown_h2,section,Research contribution,historical_or_exploratory,,historical_or_exploratory,Generated by deterministic scanner; disposition can be reviewed without changing the immutable source.
OCC-221,01_CANONICAL/reverse_hessian/extensions/vp_vnp/research_notes/final_verdict.md,23,markdown_h2,section,Decisive logical diagnosis,historical_or_exploratory,,historical_or_exploratory,Generated by deterministic scanner; disposition can be reviewed without changing the immutable source.
OCC-222,01_CANONICAL/reverse_hessian/extensions/vp_vnp/research_notes/literature_review.md,5,markdown_h2,section,Core VP/VNP and GCT,historical_or_exploratory,,historical_or_exploratory,Generated by deterministic scanner; disposition can be reviewed without changing the immutable source.
OCC-223,01_CANONICAL/reverse_hessian/extensions/vp_vnp/research_notes/literature_review.md,13,markdown_h2,section,No-go and multiplicity results,historical_or_exploratory,,historical_or_exploratory,Generated by deterministic scanner; disposition can be reviewed without changing the immutable source.
OCC-224,01_CANONICAL/reverse_hessian/extensions/vp_vnp/research_notes/literature_review.md,21,markdown_h2,section,"Orbit closures, fundamental invariants, polystability and boundaries",historical_or_exploratory,,historical_or_exploratory,Generated by deterministic scanner; disposition can be reviewed without changing the immutable source.
OCC-225,01_CANONICAL/reverse_hessian/extensions/vp_vnp/research_notes/literature_review.md,30,markdown_h2,section,Hessians and flattenings,historical_or_exploratory,,historical_or_exploratory,Generated by deterministic scanner; disposition can be reviewed without changing the immutable source.
OCC-226,01_CANONICAL/reverse_hessian/extensions/vp_vnp/research_notes/literature_review.md,40,markdown_h2,section,Algebraic natural proofs and restricted lower bounds,historical_or_exploratory,,historical_or_exploratory,Generated by deterministic scanner; disposition can be reviewed without changing the immutable source.
OCC-227,01_CANONICAL/reverse_hessian/extensions/vp_vnp/research_notes/literature_review.md,50,markdown_h2,section,Coverage of the mandatory search axes,historical_or_exploratory,,historical_or_exploratory,Generated by deterministic scanner; disposition can be reviewed without changing the immutable source.
OCC-228,01_CANONICAL/reverse_hessian/extensions/vp_vnp/research_notes/literature_review.md,76,markdown_h2,section,Novelty verdict,historical_or_exploratory,,historical_or_exploratory,Generated by deterministic scanner; disposition can be reviewed without changing the immutable source.
OCC-229,01_CANONICAL/reverse_hessian/extensions/vp_vnp/research_notes/multiplicity_obstruction_candidate.md,3,markdown_h2,section,What is established,historical_or_exploratory,,historical_or_exploratory,Generated by deterministic scanner; disposition can be reviewed without changing the immutable source.
OCC-230,01_CANONICAL/reverse_hessian/extensions/vp_vnp/research_notes/multiplicity_obstruction_candidate.md,7,markdown_h2,section,Hessian-image coordinate rings,historical_or_exploratory,,historical_or_exploratory,Generated by deterministic scanner; disposition can be reviewed without changing the immutable source.
OCC-231,01_CANONICAL/reverse_hessian/extensions/vp_vnp/research_notes/multiplicity_obstruction_candidate.md,15,markdown_h2,section,Candidate search protocol for `n=3`,historical_or_exploratory,,historical_or_exploratory,Generated by deterministic scanner; disposition can be reviewed without changing the immutable source.
OCC-232,01_CANONICAL/reverse_hessian/extensions/vp_vnp/research_notes/multiplicity_obstruction_candidate.md,24,markdown_h2,section,Candidate partitions,historical_or_exploratory,,historical_or_exploratory,Generated by deterministic scanner; disposition can be reviewed without changing the immutable source.
OCC-233,01_CANONICAL/reverse_hessian/extensions/vp_vnp/research_notes/multiplicity_obstruction_candidate.md,28,markdown_h2,section,Asymptotic relevance,historical_or_exploratory,,historical_or_exploratory,Generated by deterministic scanner; disposition can be reviewed without changing the immutable source.
OCC-234,01_CANONICAL/reverse_hessian/extensions/vp_vnp/research_notes/new_conjectures_toward_VPneqVNP.md,5,markdown_h2,section,Conjecture 1 — Canonical active-space extraction,historical_or_exploratory,,historical_or_exploratory,Generated by deterministic scanner; disposition can be reviewed without changing the immutable source.
OCC-235,01_CANONICAL/reverse_hessian/extensions/vp_vnp/research_notes/new_conjectures_toward_VPneqVNP.md,23,markdown_h2,section,Conjecture 2 — Transverse Hessian multiplicity gap in the marked model,historical_or_exploratory,,historical_or_exploratory,Generated by deterministic scanner; disposition can be reviewed without changing the immutable source.
